{"cam_extrinsics":[1,0,0,0,0,1,0,0,0,0,1,0,0,0,0,1],"camera_model":"PINHOLE","camera_params":[2100.216180042216,2100.216180042216,1920.0,1080.0],"img_height":2160,"img_width":3840,"misc":"cardinals_right: generated from stereo rectification of cardinals_left and cardinals_right","model_pose":[0.561332490477562,0.8275250049637941,0.008608368498831221,-0.00583928811747379,-9.238162624838033,0.9356231620276418,358.3169543936564],"model_to_world":[1,0,0,0,0,1,0,0,0,0,1,0,0,0,0,1],"world_position":[16.154741929755314,-332.31432971731124,133.35467529504552],"world_up_direction":[-0.0076917160862557555,0.3696634622520923,0.9291338774253388],"world_view_direction":[-0.019328627713590084,0.9289328104497945,-0.3697434756970779]}