{"cam_extrinsics":[1,0,0,0,0,1,0,0,0,0,1,0,0,0,0,1],"camera_model":"PINHOLE","camera_params":[2798.1979994846843,2798.1979994846843,1920.0,1080.0],"img_height":2160,"img_width":3840,"misc":"HAI2: generated from stereo rectification of HAI2 and HAI1","model_pose":[0.6698144756627257,0.7415904473818893,0.02768941631774363,-0.025009453584190426,2.6856907779585635,19.679989752417512,105.6353420476479],"model_to_world":[1,0,0,0,0,1,0,0,0,0,1,0,0,0,0,1],"world_position":[5.009685877642054,-103.00713919220414,30.294764299774165],"world_up_direction":[-0.007565025191426203,0.10116372883330103,0.9948410276835166],"world_view_direction":[-0.07418708748910548,0.9920710389948288,-0.10144619084817615]}