{"cam_extrinsics":[1,0,0,0,0,1,0,0,0,0,1,0,0,0,0,1],"camera_model":"PINHOLE","camera_params":[2814.181564102389,2814.181564102389,1920.0,1080.0],"img_height":2160,"img_width":3840,"misc":"HAI1: generated from stereo rectification of HAI2 and HAI1","model_pose":[0.6698144756627257,0.7415904473818893,0.02768941631774363,-0.025009453584190426,-5.167727064033645,19.67998975241751,105.63534204764791],"model_to_world":[1,0,0,0,0,1,0,0,0,0,1,0,0,0,0,1],"world_position":[12.84123703140518,-102.42149567698945,30.294764299774165],"world_up_direction":[-0.007565025191426203,0.10116372883330103,0.9948410276835166],"world_view_direction":[-0.07418708748910548,0.9920710389948288,-0.10144619084817615]}