{
  "camera_error_mean": 17.28171515708535,
  "camera_error_stdev": 9.17339617288619,
  "camera_intrinsics": [
    1470.2528778564879,
    0.0,
    0.0,
    0.0,
    1470.2528778564879,
    0.0,
    960.0,
    540.0,
    1.0
  ],
  "camera_matrix": [
    0.9999791069117029,
    0.0018236721588124265,
    -0.0062016094628951956,
    0.0062993325199214665,
    -0.4902040396803973,
    0.8715849458835456,
    -0.0014505688113835456,
    -0.8716058017824784,
    -0.4902052857214483,
    3.369487596825498,
    8.065013721863885,
    103.01535933448434
  ],
  "camera_model": "SIMPLE_RADIAL",
  "camera_params": [
    1470.2528778564879,
    960.0,
    540.0,
    -0.020078191765722942
  ],
  "colmap2world": [
    1,
    0,
    0,
    0,
    0,
    1,
    0,
    0,
    0,
    0,
    1,
    0,
    0,
    0,
    0,
    1
  ],
  "full_camera_error_mean": 0.7668666972301837,
  "full_camera_error_stdev": 0.47590056325646546,
  "geometric_error_mean": 1.9782158654085886,
  "geometric_error_stdev": 1.7102321697986087,
  "img_height": 1080,
  "img_width": 1920,
  "model_pose": [
    0.5048687407410607,
    0.8631900764480481,
    0.002352611811803766,
    -0.002216249492164804,
    3.369487596825498,
    8.065013721863885,
    103.01535933448434
  ],
  "reprojection_error": {
    "per_point": {
      "A": 0.2732110916457148,
      "AD": 2.3304425651545184,
      "AS": 0.6998409211092008,
      "B": 2.3984649582679665,
      "BD": 1.9640153077163558,
      "BS": 2.201268229978375,
      "C": 1.1395305573122105,
      "CD": 2.317820015792142,
      "CHAIR-TOP-L": 5.872083922006254,
      "CHAIR-TOP-R": 6.639175736108487,
      "CS": 0.40321017823908256,
      "D": 1.7130813261475224,
      "DD": 1.4398799739314248,
      "DS": 1.3477466457056102,
      "NB": 0.6403659627432695,
      "X": 1.6908835410626246,
      "Y": 0.5586487790252477
    },
    "summary": {
      "N": 17,
      "max": 6.639175736108487,
      "mean": 1.9782158654085886,
      "stdev": 1.7102321697986087
    }
  },
  "world_position": [
    -2.7452641115363376,
    -85.85435960697919,
    57.53307408130872
  ],
  "world_up_direction": [
    -0.0018236721588124265,
    0.4902040396803973,
    0.8716058017824784
  ],
  "world_view_direction": [
    -0.0062016094628951956,
    0.8715849458835456,
    -0.4902052857214483
  ]
}
