{"cam_extrinsics":[1,0,0,0,0,1,0,0,0,0,1,0,0,0,0,1],"camera_model":"PINHOLE","camera_params":[1582.9017458902827,1582.9017458902827,1920.0,1080.0],"img_height":2160,"img_width":3840,"misc":"tennis2-R: generated from stereo rectification of tennis2-L and tennis2-R","model_pose":[0.24126140212222524,0.4753172422901851,0.7544636493024159,-0.38295046273500244,1.1193797706722497,-11.923728163207603,66.59183061125876],"model_to_world":[1,0,0,0,0,1,0,0,0,0,1,0,0,0,0,1],"world_position":[55.31687303971404,25.235806109606756,29.68329253378288],"world_up_direction":[-0.5324368312236241,-0.25484492454540175,0.8071958158897967],"world_view_direction":[-0.7280918315238069,-0.3484929985785985,-0.5902837578741308]}