{
  "camera_error_mean": 10.774146888597997,
  "camera_error_stdev": 5.893194408617868,
  "camera_intrinsics": [
    1471.2542812290112,
    0.0,
    0.0,
    0.0,
    1471.2542812290112,
    0.0,
    960.0,
    540.0,
    1.0
  ],
  "camera_matrix": [
    0.9998222674150385,
    0.0006865951831286771,
    -0.01884043970043308,
    0.016691879433618342,
    -0.4968121288586338,
    0.8676975796784997,
    -0.008764401977585204,
    -0.8678578438926546,
    -0.49673528971874803,
    -0.9992771254316073,
    7.179568591482782,
    103.205434286152
  ],
  "camera_model": "SIMPLE_RADIAL",
  "camera_params": [
    1471.2542812290112,
    960.0,
    540.0,
    -0.025340087171722606
  ],
  "colmap2world": [
    1,
    0,
    0,
    0,
    0,
    1,
    0,
    0,
    0,
    0,
    1,
    0,
    0,
    0,
    0,
    1
  ],
  "full_camera_error_mean": 0.710831096649372,
  "full_camera_error_stdev": 0.2668840354351974,
  "geometric_error_mean": 1.8146049283222765,
  "geometric_error_stdev": 1.394369098447374,
  "img_height": 1080,
  "img_width": 1920,
  "model_pose": [
    0.5015662590420275,
    0.8650678710356232,
    0.005022286458270103,
    -0.007977651986129984,
    -0.9992771254316073,
    7.179568591482782,
    103.205434286152
  ],
  "reprojection_error": {
    "per_point": {
      "A": 0.5685469252549766,
      "AD": 0.9056859173737044,
      "AS": 1.4045356704440317,
      "B": 2.108688050160261,
      "BD": 2.0780850056497586,
      "BS": 1.7556081831155939,
      "C": 1.4317034215411235,
      "CD": 1.789613124042372,
      "CHAIR-TOP-L": 5.18225265582012,
      "CHAIR-TOP-R": 5.59931011485432,
      "CS": 0.9708644339231742,
      "D": 0.9871406160657277,
      "DD": 1.2850523565499528,
      "DS": 1.9139449445097554,
      "NB": 0.7854806386173159,
      "X": 1.5843093883160204,
      "Y": 0.4974623352404914
    },
    "summary": {
      "N": 17,
      "max": 5.59931011485432,
      "mean": 1.8146049283222765,
      "stdev": 1.394369098447374
    }
  },
  "world_position": [
    2.9386058255384127,
    -85.96752897024291,
    57.4878681521503
  ],
  "world_up_direction": [
    -0.0006865951831286771,
    0.4968121288586338,
    0.8678578438926546
  ],
  "world_view_direction": [
    -0.01884043970043308,
    0.8676975796784997,
    -0.49673528971874803
  ]
}
