{"cam_extrinsics":[1,0,0,0,0,1,0,0,0,0,1,0,0,0,0,1],"camera_model":"PINHOLE","camera_params":[2799.4648872991515,2799.4648872991515,1920.0,1080.0],"img_height":2160,"img_width":3840,"misc":"HAI2: generated from stereo rectification of HAI1 and HAI2","model_pose":[0.5771057742287168,0.7512926356478554,-0.2539062721717412,0.1950382165756802,-40.81924067393561,44.962632920077894,193.55528884499378],"model_to_world":[1,0,0,0,0,1,0,0,0,0,1,0,0,0,0,1],"world_position":[-73.96443126708465,-164.21795935096264,93.34464817070992],"world_up_direction":[0.15640046289266615,0.20496106060744607,0.966193489339289],"world_view_direction":[0.5861231031327999,0.7681077833322663,-0.2578180388537028]}